-- Adminer 4.7.7 MySQL dump

SET NAMES utf8;
SET time_zone = '+00:00';
SET foreign_key_checks = 0;
SET sql_mode = 'NO_AUTO_VALUE_ON_ZERO';

SET NAMES utf8mb4;

DROP TABLE IF EXISTS `clients`;
CREATE TABLE `clients` (
  `id` bigint(20) unsigned NOT NULL AUTO_INCREMENT,
  `name` varchar(255) COLLATE utf8mb4_unicode_ci NOT NULL,
  `domain_name` varchar(255) COLLATE utf8mb4_unicode_ci DEFAULT NULL,
  `db_id` varchar(255) COLLATE utf8mb4_unicode_ci DEFAULT NULL,
  `first_name` varchar(255) COLLATE utf8mb4_unicode_ci DEFAULT NULL,
  `last_name` varchar(255) COLLATE utf8mb4_unicode_ci DEFAULT NULL,
  `email` varchar(255) COLLATE utf8mb4_unicode_ci DEFAULT NULL,
  `password` varchar(255) COLLATE utf8mb4_unicode_ci DEFAULT NULL,
  `client_status` varchar(10) COLLATE utf8mb4_unicode_ci NOT NULL DEFAULT 'inprogress',
  `domain_url` varchar(255) COLLATE utf8mb4_unicode_ci DEFAULT NULL,
  `client_key` varchar(255) COLLATE utf8mb4_unicode_ci DEFAULT NULL,
  `client_secret` varchar(255) COLLATE utf8mb4_unicode_ci DEFAULT NULL,
  `app_url` varchar(255) COLLATE utf8mb4_unicode_ci DEFAULT NULL,
  `image` varchar(255) COLLATE utf8mb4_unicode_ci DEFAULT NULL,
  `country_code` varchar(255) COLLATE utf8mb4_unicode_ci DEFAULT NULL,
  `country_name` varchar(255) COLLATE utf8mb4_unicode_ci DEFAULT NULL,
  `properties` json DEFAULT NULL,
  `status` varchar(255) COLLATE utf8mb4_unicode_ci DEFAULT 'enable',
  `deleted_at` timestamp NULL DEFAULT NULL,
  `created_at` timestamp NULL DEFAULT NULL,
  `updated_at` timestamp NULL DEFAULT NULL,
  PRIMARY KEY (`id`)
) ENGINE=InnoDB DEFAULT CHARSET=utf8mb4 COLLATE=utf8mb4_unicode_ci;

INSERT INTO `clients` (`id`, `name`, `domain_name`, `db_id`, `first_name`, `last_name`, `email`, `password`, `client_status`, `domain_url`, `client_key`, `client_secret`, `app_url`, `image`, `country_code`, `country_name`, `properties`, `status`, `deleted_at`, `created_at`, `updated_at`) VALUES
(15,  'NurseLynx',  'nurselynx',  'nurselynx',  'NurseLynx',  'Nurse Finder', 'nurselynx@yopmail.com',  'lKjrcDPsxhUKoAsANVAFfw==', 'completed',  NULL, 'c6b484d83fb21425453dcd0af6c1f01b15', 'b814f601c17866ef636219aabc9c4d107abd08be45cca2dc9ee9186b5a923b1715', NULL, NULL, 'IN', 'India',  NULL, 'publish',  NULL, '2021-01-11 11:03:57',  '2021-01-11 11:03:57');

DROP TABLE IF EXISTS `countries`;
CREATE TABLE `countries` (
  `id` smallint(5) unsigned NOT NULL AUTO_INCREMENT,
  `currency_id` int(10) unsigned DEFAULT NULL,
  `sortname` varchar(3) NOT NULL,
  `name` varchar(150) NOT NULL,
  `phonecode` int(10) unsigned DEFAULT NULL,
  `deleted_at` timestamp NULL DEFAULT NULL,
  PRIMARY KEY (`id`),
  KEY `countries_currency_id_foreign` (`currency_id`),
  CONSTRAINT `countries_currency_id_foreign` FOREIGN KEY (`currency_id`) REFERENCES `currencies` (`id`)
) ENGINE=InnoDB DEFAULT CHARSET=utf8;

INSERT INTO `countries` (`id`, `currency_id`, `sortname`, `name`, `phonecode`, `deleted_at`) VALUES
(1, 3,  'AF', 'Afghanistan',  93, NULL),
(2, 1,  'AL', 'Albania',  355,  NULL),
(3, 110,  'DZ', 'Algeria',  213,  NULL),
(4, 2,  'AS', 'American Samoa', 1684, NULL),
(5, 105,  'AD', 'Andorra',  376,  NULL),
(6, 113,  'AO', 'Angola', 244,  NULL),
(7, 170,  'AI', 'Anguilla', 1264, NULL),
(8, 2,  'AQ', 'Antarctica', 0,  NULL),
(9, 170,  'AG', 'Antigua And Barbuda',  1268, NULL),
(10,  4,  'AR', 'Argentina',  54, NULL),
(11,  112,  'AM', 'Armenia',  374,  NULL),
(12,  5,  'AW', 'Aruba',  297,  NULL),
(13,  6,  'AU', 'Australia',  61, NULL),
(14,  105,  'AT', 'Austria',  43, NULL),
(15,  7,  'AZ', 'Azerbaijan', 994,  NULL),
(16,  8,  'BS', 'Bahamas The',  1242, NULL),
(17,  115,  'BH', 'Bahrain',  973,  NULL),
(18,  114,  'BD', 'Bangladesh', 880,  NULL),
(19,  9,  'BB', 'Barbados', 1246, NULL),
(20,  118,  'BY', 'Belarus',  375,  NULL),
(21,  105,  'BE', 'Belgium',  32, NULL),
(22,  11, 'BZ', 'Belize', 501,  NULL),
(23,  163,  'BJ', 'Benin',  229,  NULL),
(24,  12, 'BM', 'Bermuda',  1441, NULL),
(25,  117,  'BT', 'Bhutan', 975,  NULL),
(26,  13, 'BO', 'Bolivia',  591,  NULL),
(27,  14, 'BA', 'Bosnia and Herzegovina', 387,  NULL),
(28,  15, 'BW', 'Botswana', 267,  NULL),
(29,  75, 'BV', 'Bouvet Island',  0,  NULL),
(30,  17, 'BR', 'Brazil', 55, NULL),
(31,  33, 'IO', 'British Indian Ocean Territory', 246,  NULL),
(32,  18, 'BN', 'Brunei', 673,  NULL),
(33,  16, 'BG', 'Bulgaria', 359,  NULL),
(34,  163,  'BF', 'Burkina Faso', 226,  NULL),
(35,  116,  'BI', 'Burundi',  257,  NULL),
(36,  19, 'KH', 'Cambodia', 855,  NULL),
(37,  161,  'CM', 'Cameroon', 237,  NULL),
(38,  20, 'CA', 'Canada', 1,  NULL),
(39,  122,  'CV', 'Cape Verde', 238,  NULL),
(40,  21, 'KY', 'Cayman Islands', 1345, NULL),
(41,  161,  'CF', 'Central African Republic', 236,  NULL),
(42,  161,  'TD', 'Chad', 235,  NULL),
(43,  22, 'CL', 'Chile',  56, NULL),
(44,  23, 'CN', 'China',  86, NULL),
(45,  6,  'CX', 'Christmas Island', 61, NULL),
(46,  6,  'CC', 'Cocos (Keeling) Islands',  672,  NULL),
(47,  24, 'CO', 'Colombia', 57, NULL),
(48,  134,  'KM', 'Comoros',  269,  NULL),
(49,  119,  'CG', 'Republic Of The Congo',  242,  NULL),
(50,  119,  'CD', 'Democratic Republic Of The Congo', 242,  NULL),
(51,  72, 'CK', 'Cook Islands', 682,  NULL),
(52,  25, 'CR', 'Costa Rica', 506,  NULL),
(53,  163,  'CI', 'Cote D\'Ivoire (Ivory Coast)', 225,  NULL),
(54,  26, 'HR', 'Croatia (Hrvatska)', 385,  NULL),
(55,  121,  'CU', 'Cuba', 53, NULL),
(56,  105,  'CY', 'Cyprus', 357,  NULL),
(57,  28, 'CZ', 'Czech Republic', 420,  NULL),
(58,  29, 'DK', 'Denmark',  45, NULL),
(59,  123,  'DJ', 'Djibouti', 253,  NULL),
(60,  170,  'DM', 'Dominica', 1767, NULL),
(61,  30, 'DO', 'Dominican Republic', 1809, NULL),
(62,  2,  'TP', 'East Timor', 670,  NULL),
(63,  2,  'EC', 'Ecuador',  593,  NULL),
(64,  31, 'EG', 'Egypt',  20, NULL),
(65,  32, 'SV', 'El Salvador',  503,  NULL),
(66,  164,  'GQ', 'Equatorial Guinea',  240,  NULL),
(67,  125,  'ER', 'Eritrea',  291,  NULL),
(68,  105,  'EE', 'Estonia',  372,  NULL),
(69,  126,  'ET', 'Ethiopia', 251,  NULL),
(70,  6,  'XA', 'External Territories of Australia',  61, NULL),
(71,  34, 'FK', 'Falkland Islands', 500,  NULL),
(72,  29, 'FO', 'Faroe Islands',  298,  NULL),
(73,  35, 'FJ', 'Fiji Islands', 679,  NULL),
(74,  105,  'FI', 'Finland',  358,  NULL),
(75,  105,  'FR', 'France', 33, NULL),
(76,  105,  'GF', 'French Guiana',  594,  NULL),
(77,  164,  'PF', 'French Polynesia', 689,  NULL),
(78,  105,  'TF', 'French Southern Territories',  0,  NULL),
(79,  164,  'GA', 'Gabon',  241,  NULL),
(80,  128,  'GM', 'Gambia The', 220,  NULL),
(81,  127,  'GE', 'Georgia',  995,  NULL),
(82,  105,  'DE', 'Germany',  49, NULL),
(83,  36, 'GH', 'Ghana',  233,  NULL),
(84,  37, 'GI', 'Gibraltar',  350,  NULL),
(85,  105,  'GR', 'Greece', 30, NULL),
(86,  29, 'GL', 'Greenland',  299,  NULL),
(87,  170,  'GD', 'Grenada',  1473, NULL),
(88,  105,  'GP', 'Guadeloupe', 590,  NULL),
(89,  2,  'GU', 'Guam', 1671, NULL),
(90,  38, 'GT', 'Guatemala',  502,  NULL),
(91,  39, 'XU', 'Guernsey and Alderney',  44, NULL),
(92,  129,  'GN', 'Guinea', 224,  NULL),
(93,  164,  'GW', 'Guinea-Bissau',  245,  NULL),
(94,  40, 'GY', 'Guyana', 592,  NULL),
(95,  130,  'HT', 'Haiti',  509,  NULL),
(96,  6,  'HM', 'Heard and McDonald Islands', 0,  NULL),
(97,  41, 'HN', 'Honduras', 504,  NULL),
(98,  42, 'HK', 'Hong Kong S.A.R.', 852,  NULL),
(99,  43, 'HU', 'Hungary',  36, NULL),
(100, 44, 'IS', 'Iceland',  354,  NULL),
(101, 45, 'IN', 'India',  91, NULL),
(102, 46, 'ID', 'Indonesia',  62, NULL),
(103, 47, 'IR', 'Iran', 98, NULL),
(104, 131,  'IQ', 'Iraq', 964,  NULL),
(105, 105,  'IE', 'Ireland',  353,  NULL),
(106, 49, 'IL', 'Israel', 972,  NULL),
(107, 105,  'IT', 'Italy',  39, NULL),
(108, 50, 'JM', 'Jamaica',  1876, NULL),
(109, 51, 'JP', 'Japan',  81, NULL),
(110, 52, 'XJ', 'Jersey', 44, NULL),
(111, 132,  'JO', 'Jordan', 962,  NULL),
(112, 53, 'KZ', 'Kazakhstan', 7,  NULL),
(113, 133,  'KE', 'Kenya',  254,  NULL),
(114, 6,  'KI', 'Kiribati', 686,  NULL),
(115, 54, 'KP', 'Korea North',  850,  NULL),
(116, 55, 'KR', 'Korea South',  82, NULL),
(117, 135,  'KW', 'Kuwait', 965,  NULL),
(118, 56, 'KG', 'Kyrgyzstan', 996,  NULL),
(119, 57, 'LA', 'Laos', 856,  NULL),
(120, 105,  'LV', 'Latvia', 371,  NULL),
(121, 59, 'LB', 'Lebanon',  961,  NULL),
(122, 136,  'LS', 'Lesotho',  266,  NULL),
(123, 60, 'LR', 'Liberia',  231,  NULL),
(124, 137,  'LY', 'Libya',  218,  NULL),
(125, 61, 'LI', 'Liechtenstein',  423,  NULL),
(126, 62, 'LT', 'Lithuania',  370,  NULL),
(127, 105,  'LU', 'Luxembourg', 352,  NULL),
(128, 142,  'MO', 'Macau S.A.R.', 853,  NULL),
(129, 63, 'MK', 'Macedonia',  389,  NULL),
(130, 140,  'MG', 'Madagascar', 261,  NULL),
(131, 145,  'MW', 'Malawi', 265,  NULL),
(132, 64, 'MY', 'Malaysia', 60, NULL),
(133, 144,  'MV', 'Maldives', 960,  NULL),
(134, 164,  'ML', 'Mali', 223,  NULL),
(135, 105,  'MT', 'Malta',  356,  NULL),
(136, 33, 'XM', 'Man (Isle of)',  44, NULL),
(137, 2,  'MH', 'Marshall Islands', 692,  NULL),
(138, 105,  'MQ', 'Martinique', 596,  NULL),
(139, 143,  'MR', 'Mauritania', 222,  NULL),
(140, 65, 'MU', 'Mauritius',  230,  NULL),
(141, 105,  'YT', 'Mayotte',  269,  NULL),
(142, 66, 'MX', 'Mexico', 52, NULL),
(143, 2,  'FM', 'Micronesia', 691,  NULL),
(144, 139,  'MD', 'Moldova',  373,  NULL),
(145, 105,  'MC', 'Monaco', 377,  NULL),
(146, 67, 'MN', 'Mongolia', 976,  NULL),
(147, 170,  'MS', 'Montserrat', 1664, NULL),
(148, 138,  'MA', 'Morocco',  212,  NULL),
(149, 68, 'MZ', 'Mozambique', 258,  NULL),
(150, 141,  'MM', 'Myanmar',  95, NULL),
(151, 92, 'NA', 'Namibia',  264,  NULL),
(152, 6,  'NR', 'Nauru',  674,  NULL),
(153, 70, 'NP', 'Nepal',  977,  NULL),
(154, 71, 'AN', 'Netherlands Antilles', 599,  NULL),
(155, 105,  'NL', 'Netherlands The',  31, NULL),
(156, 164,  'NC', 'New Caledonia',  687,  NULL),
(157, 72, 'NZ', 'New Zealand',  64, NULL),
(158, 73, 'NI', 'Nicaragua',  505,  NULL),
(159, 163,  'NE', 'Niger',  227,  NULL),
(160, 74, 'NG', 'Nigeria',  234,  NULL),
(161, 72, 'NU', 'Niue', 683,  NULL),
(162, 6,  'NF', 'Norfolk Island', 672,  NULL),
(163, 2,  'MP', 'Northern Mariana Islands', 1670, NULL),
(164, 75, 'NO', 'Norway', 47, NULL),
(165, 76, 'OM', 'Oman', 968,  NULL),
(166, 77, 'PK', 'Pakistan', 92, NULL),
(167, 2,  'PW', 'Palau',  680,  NULL),
(168, 31, 'PS', 'Palestinian Territory Occupied', 970,  NULL),
(169, 78, 'PA', 'Panama', 507,  NULL),
(170, 146,  'PG', 'Papua new Guinea', 675,  NULL),
(171, 79, 'PY', 'Paraguay', 595,  NULL),
(172, 80, 'PE', 'Peru', 51, NULL),
(173, 81, 'PH', 'Philippines',  63, NULL),
(174, 72, 'PN', 'Pitcairn Island',  0,  NULL),
(175, 147,  'PL', 'Poland', 48, NULL),
(176, 105,  'PT', 'Portugal', 351,  NULL),
(177, 2,  'PR', 'Puerto Rico',  1787, NULL),
(178, 82, 'QA', 'Qatar',  974,  NULL),
(179, 105,  'RE', 'Reunion',  262,  NULL),
(180, 83, 'RO', 'Romania',  40, NULL),
(181, 84, 'RU', 'Russia', 70, NULL),
(182, 148,  'RW', 'Rwanda', 250,  NULL),
(183, 85, 'SH', 'Saint Helena', 290,  NULL),
(184, 170,  'KN', 'Saint Kitts And Nevis',  1869, NULL),
(185, 170,  'LC', 'Saint Lucia',  1758, NULL),
(186, 105,  'PM', 'Saint Pierre and Miquelon',  508,  NULL),
(187, 170,  'VC', 'Saint Vincent And The Grenadines', 1784, NULL),
(188, 160,  'WS', 'Samoa',  684,  NULL),
(189, 105,  'SM', 'San Marino', 378,  NULL),
(190, 151,  'ST', 'Sao Tome and Principe',  239,  NULL),
(191, 86, 'SA', 'Saudi Arabia', 966,  NULL),
(192, 163,  'SN', 'Senegal',  221,  NULL),
(193, 87, 'RS', 'Serbia', 381,  NULL),
(194, 88, 'SC', 'Seychelles', 248,  NULL),
(195, 150,  'SL', 'Sierra Leone', 232,  NULL),
(196, 89, 'SG', 'Singapore',  65, NULL),
(197, 105,  'SK', 'Slovakia', 421,  NULL),
(198, 105,  'SI', 'Slovenia', 386,  NULL),
(199, 33, 'XG', 'Smaller Territories of the UK',  44, NULL),
(200, 90, 'SB', 'Solomon Islands',  677,  NULL),
(201, 91, 'SO', 'Somalia',  252,  NULL),
(202, 92, 'ZA', 'South Africa', 27, NULL),
(203, 127,  'GS', 'South Georgia',  995,  NULL),
(204, NULL, 'SS', 'South Sudan',  211,  NULL),
(205, 105,  'ES', 'Spain',  34, NULL),
(206, 93, 'LK', 'Sri Lanka',  94, NULL),
(207, 149,  'SD', 'Sudan',  249,  NULL),
(208, 95, 'SR', 'Suriname', 597,  NULL),
(209, NULL, 'SJ', 'Svalbard And Jan Mayen Islands', 47, NULL),
(210, 152,  'SZ', 'Swaziland',  268,  NULL),
(211, 94, 'SE', 'Sweden', 46, NULL),
(212, 61, 'CH', 'Switzerland',  41, NULL),
(213, 96, 'SY', 'Syria',  963,  NULL),
(214, 97, 'TW', 'Taiwan', 886,  NULL),
(215, 153,  'TJ', 'Tajikistan', 992,  NULL),
(216, 157,  'TZ', 'Tanzania', 255,  NULL),
(217, 98, 'TH', 'Thailand', 66, NULL),
(218, 164,  'TG', 'Togo', 228,  NULL),
(219, 72, 'TK', 'Tokelau',  690,  NULL),
(220, 156,  'TO', 'Tonga',  676,  NULL),
(221, 99, 'TT', 'Trinidad And Tobago',  1868, NULL),
(222, 155,  'TN', 'Tunisia',  216,  NULL),
(223, 100,  'TR', 'Turkey', 90, NULL),
(224, 154,  'TM', 'Turkmenistan', 7370, NULL),
(225, 2,  'TC', 'Turks And Caicos Islands', 1649, NULL),
(226, 101,  'TV', 'Tuvalu', 688,  NULL),
(227, 158,  'UG', 'Uganda', 256,  NULL),
(228, 102,  'UA', 'Ukraine',  380,  NULL),
(229, 111,  'AE', 'United Arab Emirates', 971,  NULL),
(230, 33, 'GB', 'United Kingdom', 44, NULL),
(231, 2,  'US', 'United States',  1,  NULL),
(232, 2,  'UM', 'United States Minor Outlying Islands', 1,  NULL),
(233, 103,  'UY', 'Uruguay',  598,  NULL),
(234, 104,  'UZ', 'Uzbekistan', 998,  NULL),
(235, 159,  'VU', 'Vanuatu',  678,  NULL),
(236, 105,  'VA', 'Vatican City State (Holy See)',  379,  NULL),
(237, 106,  'VE', 'Venezuela',  58, NULL),
(238, 107,  'VN', 'Vietnam',  84, NULL),
(239, 2,  'VG', 'Virgin Islands (British)', 1284, NULL),
(240, 2,  'VI', 'Virgin Islands (US)',  1340, NULL),
(241, 164,  'WF', 'Wallis And Futuna Islands',  681,  NULL),
(242, NULL, 'EH', 'Western Sahara', 212,  NULL),
(243, 108,  'YE', 'Yemen',  967,  NULL),
(244, NULL, 'YU', 'Yugoslavia', 38, NULL),
(245, 165,  'ZM', 'Zambia', 260,  NULL),
(246, 109,  'ZW', 'Zimbabwe', 263,  NULL);

DROP TABLE IF EXISTS `currencies`;
CREATE TABLE `currencies` (
  `id` int(10) unsigned NOT NULL AUTO_INCREMENT,
  `currency` varchar(255) NOT NULL,
  `code` varchar(255) NOT NULL,
  `source_code` varchar(50) DEFAULT NULL,
  `symbol` varchar(255) NOT NULL,
  `currency_rate` varchar(50) DEFAULT NULL,
  `thousand_separator` varchar(255) NOT NULL,
  `decimal_separator` varchar(255) NOT NULL,
  PRIMARY KEY (`id`)
) ENGINE=InnoDB DEFAULT CHARSET=utf8;

INSERT INTO `currencies` (`id`, `currency`, `code`, `source_code`, `symbol`, `currency_rate`, `thousand_separator`, `decimal_separator`) VALUES
(1, 'Albanian Lek', 'ALL',  'USDALL', 'Lek',  '110.349801', ',',  '.'),
(2, 'United States Dollar', 'USD',  'USDUSD', '$',  '1',  ',',  '.'),
(3, 'Afghan Afghani', 'AFN',  'USDAFN', '؋',  '77.299678',  ',',  '.'),
(4, 'Argentine Peso', 'ARS',  'USDARS', '$',  '68.887698',  ',',  '.'),
(5, 'Aruban Florin',  'AWG',  'USDAWG', 'ƒ',  '1.8',  ',',  '.'),
(6, 'Australian Dollar',  'AUD',  'USDAUD', '$',  '1.441151', ',',  '.'),
(7, 'Azerbaijani Manat',  'AZN',  'USDAZN', 'ман',  '1.70436',  ',',  '.'),
(8, 'Bahamian Dollar',  'BSD',  'USDBSD', '$',  '1.000165', ',',  '.'),
(9, 'Barbadian Dollar', 'BBD',  'USDBBD', '$',  '2.019432', ',',  '.'),
(10,  'Rubles', 'BYR',  'USDBYR', 'p.', '19600',  ',',  '.'),
(11,  'Belize Dollar',  'BZD',  'USDBZD', 'BZ$',  '2.015986', ',',  '.'),
(12,  'Bermudan Dollar',  'BMD',  'USDBMD', '$',  '1',  ',',  '.'),
(13,  'Bolivian Boliviano', 'BOB',  'USDBOB', '$b', '6.906004', ',',  '.'),
(14,  'Bosnia-Herzegovina Convertible Mark',  'BAM',  'USDBAM', 'KM', '1.745801', ',',  '.'),
(15,  'Botswanan Pula', 'BWP',  'USDBWP', 'P',  '11.670378',  ',',  '.'),
(16,  'Bulgarian lev',  'BGN',  'USDBGN', 'лв', '1.729863', ',',  '.'),
(17,  'Brazilian real', 'BRL',  'USDBRL', 'R$', '5.097403', ',',  '.'),
(18,  'Brunei Dollar',  'BND',  'USDBND', '$',  '1.401659', ',',  '.'),
(19,  'Cambodian riel', 'KHR',  'USDKHR', '៛',  '4121.999957',  ',',  '.'),
(20,  'Canadian Dollar',  'CAD',  'USDCAD', '$',  '1.35167',  ',',  '.'),
(21,  'Cayman Islands Dollar',  'KYD',  'USDKYD', '$',  '0.833516', ',',  '.'),
(22,  'Chilean Peso', 'CLP',  'USDCLP', '$',  '772.495805', ',',  '.'),
(23,  'Chinese Yuan', 'CNY',  'USDCNY', '¥',  '7.110298', ',',  '.'),
(24,  'Colombian Peso', 'COP',  'USDCOP', '$',  '3597.77',  ',',  '.'),
(25,  'Costa Rican Colón',  'CRC',  'USDCRC', '₡',  '574.59086',  ',',  '.'),
(26,  'Croatian Kuna',  'HRK',  'USDHRK', 'kn', '6.688296', ',',  '.'),
(27,  'Pesos',  'CUP',  'USDCUP', '₱',  '26.5', ',',  '.'),
(28,  'Czech Republic Koruna',  'CZK',  'USDCZK', 'Kč', '23.512992',  ',',  '.'),
(29,  'Danish Krone', 'DKK',  'USDDKK', 'kr', '6.58472',  ',',  '.'),
(30,  'Dominican Peso', 'DOP',  'USDDOP', 'RD$',  '57.5029',  ',',  '.'),
(31,  'Egyptian Pound', 'EGP',  'USDEGP', '£',  '16.239199',  ',',  '.'),
(32,  'Salvadoran Colón', 'SVC',  'USDSVC', '$',  '8.750876', ',',  '.'),
(33,  'British Pound',  'GBP',  'USDGBP', '£',  '0.79364',  ',',  '.'),
(34,  'Falkland Islands Pound', 'FKP',  'USDFKP', '£',  '0.793368', ',',  '.'),
(35,  'Fijian Dollar',  'FJD',  'USDFJD', '$',  '2.195013', ',',  '.'),
(36,  'Ghanaian Cedi',  'GHS',  'USDGHS', '¢',  '5.774976', ',',  '.'),
(37,  'Gibraltar Pound',  'GIP',  'USDGIP', '£',  '0.793368', ',',  '.'),
(38,  'Guatemalan Quetzal', 'GTQ',  'USDGTQ', 'Q',  '7.685936', ',',  '.'),
(39,  'Guernsey Pound', 'GGP',  'USDGGP', '£',  '0.793368', ',',  '.'),
(40,  'Guyanaese Dollar', 'GYD',  'USDGYD', '$',  '209.22687',  ',',  '.'),
(41,  'Honduran Lempira', 'HNL',  'USDHNL', 'L',  '24.980329',  ',',  '.'),
(42,  'Hong Kong Dollar', 'HKD',  'USDHKD', '$',  '7.75005',  ',',  '.'),
(43,  'Hungarian Forint', 'HUF',  'USDHUF', 'Ft', '304.337996', ',',  '.'),
(44,  'Icelandic Króna',  'ISK',  'USDISK', 'kr', '131.490044', ',',  '.'),
(45,  'Indian Rupee', 'INR',  'USDINR', '₹',  '75.421502',  ',',  '.'),
(46,  'Indonesian Rupiah',  'IDR',  'USDIDR', 'Rp', '14139',  ',',  '.'),
(47,  'Iranian Rial', 'IRR',  'USDIRR', '﷼',  '42104.99982',  ',',  '.'),
(48,  'Pounds', 'IMP',  'USDIMP', '£',  '0.793368', ',',  '.'),
(49,  'Israeli New Sheqel', 'ILS',  'USDILS', '₪',  '3.44996',  ',',  '.'),
(50,  'Jamaican Dollar',  'JMD',  'USDJMD', 'J$', '142.331398', ',',  '.'),
(51,  'Japanese Yen', 'JPY',  'USDJPY', '¥',  '108.8975', ',',  '.'),
(52,  'Jersey Pound', 'JEP',  'USDJEP', '£',  '0.793368', ',',  '.'),
(53,  'Kazakhstani Tenge',  'KZT',  'USDKZT', 'лв', '401.31928',  ',',  '.'),
(54,  'North Korean Won', 'KPW',  'USDKPW', '₩',  '900.031195', ',',  '.'),
(55,  'South Korean Won', 'KRW',  'USDKRW', '₩',  '1217.015017',  ',',  '.'),
(56,  'Kyrgystani Som', 'KGS',  'USDKGS', 'лв', '73.92013', ',',  '.'),
(57,  'Laotian Kip',  'LAK',  'USDLAK', '₭',  '4959.999446',  ',',  '.'),
(58,  'Lati', 'LVL',  'USDLVL', 'Ls', '0.60489',  ',',  '.'),
(59,  'Lebanese pound', 'LBP',  'USDLBP', '£',  '1514.499211',  ',',  '.'),
(60,  'Liberian Dollar',  'LRD',  'USDLRD', '$',  '198.750145', ',',  '.'),
(61,  'Switzerland Francs', 'CHF',  'USDCHF', 'CHF',  '0.95604',  ',',  '.'),
(62,  'Lithuanian Litas', 'LTL',  'USDLTL', 'Lt', '2.95274',  ',',  '.'),
(63,  'Macedonian Denar', 'MKD',  'USDMKD', 'ден',  '55.051972',  ',',  '.'),
(64,  'Malaysian Ringgit',  'MYR',  'USDMYR', 'RM', '4.272501', ',',  '.'),
(65,  'Mauritian Rupee',  'MUR',  'USDMUR', '₨',  '40.149859',  ',',  '.'),
(66,  'Mexican Peso', 'MXN',  'USDMXN', '$',  '21.887585',  ',',  '.'),
(67,  'Mongolian Tugrik', 'MNT',  'USDMNT', '₮',  '2813.659244',  ',',  '.'),
(68,  'Mozambican Metical', 'MZN',  'USDMZN', 'MT', '69.444994',  ',',  '.'),
(69,  'Namibian Dollar',  'NAD',  'USDNAD', '$',  '16.919925',  ',',  '.'),
(70,  'Nepalese Rupee', 'NPR',  'USDNPR', '₨',  '120.93652',  ',',  '.'),
(71,  'Netherlands Antillean Guilder',  'ANG',  'USDANG', 'ƒ',  '1.795299', ',',  '.'),
(72,  'New Zealand Dollar', 'NZD',  'USDNZD', '$',  '1.550655', ',',  '.'),
(73,  'Nicaraguan Córdoba', 'NIO',  'USDNIO', 'C$', '34.301147',  ',',  '.'),
(74,  'Nigerian Naira', 'NGN',  'USDNGN', '₦',  '388.000324', ',',  '.'),
(75,  'Norwegian Krone',  'NOK',  'USDNOK', 'kr', '9.358895', ',',  '.'),
(76,  'Omani Rial', 'OMR',  'USDOMR', '﷼',  '0.38493',  ',',  '.'),
(77,  'Pakistani Rupee',  'PKR',  'USDPKR', '₨',  '163.504301', ',',  '.'),
(78,  'Panamanian Balboa',  'PAB',  'USDPAB', 'B/.',  '1.000165', ',',  '.'),
(79,  'Paraguayan Guarani', 'PYG',  'USDPYG', 'Gs', '6650.986398',  ',',  '.'),
(80,  'Peruvian Nuevo Sol', 'PEN',  'USDPEN', 'S/.',  '3.423994', ',',  '.'),
(81,  'Philippine Peso',  'PHP',  'USDPHP', 'Php',  '49.910498',  ',',  '.'),
(82,  'Qatari Rial',  'QAR',  'USDQAR', '﷼',  '3.6415', ',',  '.'),
(83,  'Romanian Leu', 'RON',  'USDRON', 'lei',  '4.2719', ',',  '.'),
(84,  'Russian Ruble',  'RUB',  'USDRUB', 'руб',  '69.254403',  ',',  '.'),
(85,  'Saint Helena Pound', 'SHP',  'USDSHP', '£',  '0.793368', ',',  '.'),
(86,  'Saudi Riyal',  'SAR',  'USDSAR', '﷼',  '3.754824', ',',  '.'),
(87,  'Serbian Dinar',  'RSD',  'USDRSD', 'Дин.', '103.855028', ',',  '.'),
(88,  'Seychellois Rupee',  'SCR',  'USDSCR', '₨',  '17.590022',  ',',  '.'),
(89,  'Singapore Dollar', 'SGD',  'USDSGD', '$',  '1.39789',  ',',  '.'),
(90,  'Solomon Islands Dollar', 'SBD',  'USDSBD', '$',  '8.336951', ',',  '.'),
(91,  'Somali Shilling',  'SOS',  'USDSOS', 'S',  '580.999878', ',',  '.'),
(92,  'South African Rand', 'ZAR',  'USDZAR', 'R',  '16.91348', ',',  '.'),
(93,  'Sri Lankan Rupee', 'LKR',  'USDLKR', '₨',  '185.4773', ',',  '.'),
(94,  'Swedish Krona',  'SEK',  'USDSEK', 'kr', '9.20267',  ',',  '.'),
(95,  'Surinamese Dollar',  'SRD',  'USDSRD', '$',  '7.458016', ',',  '.'),
(96,  'Syrian pound', 'SYP',  'USDSYP', '£',  '513.019595', ',',  '.'),
(97,  'New Taiwan Dollar',  'TWD',  'USDTWD', 'NT$',  '29.911505',  ',',  '.'),
(98,  'Thai Baht',  'THB',  'USDTHB', '฿',  '31.549739',  ',',  '.'),
(99,  'Trinidad and Tobago Dollar', 'TTD',  'USDTTD', 'TT$',  '6.771042', ',',  '.'),
(100, 'Turkish Lira', 'TRY',  'USDTRY', '£',  '6.765255', ',',  '.'),
(101, 'Tuvaluan Dollar',  'TVD',  'USDTVD', 'TV$',  NULL, ',',  '.'),
(102, 'Ukrainian hryvnia',  'UAH',  'USDUAH', '₴',  '26.688625',  ',',  '.'),
(103, 'Uruguayan Peso', 'UYU',  'USDUYU', '$U', '43.10127', ',',  '.'),
(104, 'Uzbekistan Som', 'UZS',  'USDUZS', 'лв', '10140.000103', ',',  '.'),
(105, 'Euro', 'EUR',  'USDEUR', '€',  '0.883145', ',',  '.'),
(106, 'Venezuelan Bolívar Fuerte',  'VEF',  'USDVEF', 'Bs', '9.987499', ',',  '.'),
(107, 'Vietnamese Dong',  'VND',  'USDVND', '₫',  '23265.5',  ',',  '.'),
(108, 'Yemeni Rial',  'YER',  'USDYER', '﷼',  '250.350327', ',',  '.'),
(109, 'Zimbabwe Dollars', 'ZWD',  NULL, 'Z$', NULL, ',',  '.'),
(110, 'Algerian Dinars',  'DZD',  'USDDZD', 'دج', '128.56746',  '', ''),
(111, 'United Arab Emirates dirham',  'AED',  'USDAED', 'د.إ',  '3.67295',  '', ''),
(112, 'Armenian dram',  'AMD',  'USDAMD', '֏',  '482.110167', '', ''),
(113, 'Angolan kwanza', 'AOA',  'USDAOA', 'Kz', '571.734971', '', ''),
(114, 'Bangladeshi taka', 'BDT',  'USDBDT', '৳',  '84.95753', '', ''),
(115, 'Bahraini dinar', 'BHD',  'USDBHD', '.د.ب', '0.37761',  '', ''),
(116, 'Burundian franc',  'BIF',  'USDBIF', 'FBu',  '1911', '', ''),
(117, 'Bhutanese ngultrum', 'BTN',  'USDBTN', 'Nu.',  '75.58534', '', ''),
(118, 'Belarusian ruble', 'BYN',  'USDBYN', 'Br', '2.39899',  '', ''),
(119, 'Congolese franc',  'CDF',  'USDCDF', 'FC', '1825.000318',  '', ''),
(120, 'Chilean Unidad de Fomento',  'CLF',  'USDCLF', 'UF', '0.028',  '', ''),
(121, 'Cuban convertible peso', 'CUC',  'USDCUC', 'CUC$', '1',  '', ''),
(122, 'Cape Verdean escudo',  'CVE',  'USDCVE', 'Esc',  '98.249929',  '', ''),
(123, 'Djiboutian franc', 'DJF',  'USDDJF', 'Fdj',  '177.719608', '', ''),
(124, 'The kroon',  'EEK',  'USDEEK', 'kr', NULL, '', ''),
(125, 'Eritrean nakfa', 'ERN',  'USDERN', 'نافكا',  '14.999909',  '', ''),
(126, 'Ethiopian birr', 'ETB',  'USDETB', 'ብር', '34.299003',  '', ''),
(127, 'Georgian lari',  'GEL',  'USDGEL', 'ლ',  '3.18979',  '', ''),
(128, 'Gambian dalasi', 'GMD',  'USDGMD', 'D',  '51.550345',  '', ''),
(129, 'Guinean franc',  'GNF',  'USDGNF', 'GFr',  '9450.000139',  '', ''),
(130, 'Haitian gourde', 'HTG',  'USDHTG', 'G',  '108.01337',  '', ''),
(131, 'Iraqi dinar',  'IQD',  'USDIQD', 'ع.د',  '1190', '', ''),
(132, 'Jordanian dinar',  'JOD',  'USDJOD', 'د.ا',  '0.708978', '', ''),
(133, 'Kenyan shilling',  'KES',  'USDKES', 'Ksh',  '106.098252', '', ''),
(134, 'Comorian franc', 'KMF',  'USDKMF', 'CF', '435.000576', '', ''),
(135, 'Kuwaiti dinar',  'KWD',  'USDKWD', 'د.ك',  '0.308103', '', ''),
(136, 'Lesotho loti', 'LSL',  'USDLSL', 'M',  '16.920124',  '', ''),
(137, 'Libyan dinar', 'LYD',  'USDLYD', 'ل.د',  '1.409871', '', ''),
(138, 'Moroccan dirham',  'MAD',  'USDMAD', 'MAD',  '9.704972', '', ''),
(139, 'Moldovan leu', 'MDL',  'USDMDL', 'L',  '17.317695',  '', ''),
(140, 'Malagasy ariary',  'MGA',  'USDMGA', 'Ar', '3755.000052',  '', ''),
(141, 'Burmese kyat', 'MMK',  'USDMMK', 'K',  '1403.206703',  '', ''),
(142, 'Macanese Pataca',  'MOP',  'USDMOP', 'MOP$', '7.984004', '', ''),
(143, 'Mauritanian ouguiya',  'MRO',  'USDMRO', 'UM', '357.000014', '', ''),
(144, 'Maldivian rufiyaa',  'MVR',  'USDMVR', 'MRf',  '15.509494',  '', ''),
(145, 'Malawian kwacha',  'MWK',  'USDMWK', 'MK', '740.000277', '', ''),
(146, 'Papua New Guinean kina', 'PGK',  'USDPGK', 'K',  '3.455002', '', ''),
(147, 'Polish zloty', 'PLN',  'USDPLN', 'zł', '3.91672',  '', ''),
(148, 'Rwandan franc',  'RWF',  'USDRWF', 'R₣', '945',  '', ''),
(149, 'Sudanese pound', 'SDG',  'USDSDG', 'ج.س.', '55.249483',  '', ''),
(150, 'Sierra Leonean leone', 'SLL',  'USDSLL', 'Le', '9755.000317',  '', ''),
(151, 'São Tomé and Príncipe dobra',  'STD',  'USDSTD', 'Db', '22050.693068', '', ''),
(152, 'Swazi lilangeni',  'SZL',  'USDSZL', 'E',  '16.920012',  '', ''),
(153, 'Tajikistani somoni', 'TJS',  'USDTJS', 'ЅM', '10.296571',  '', ''),
(154, 'Turkmenistan manat', 'TMT',  'USDTMT', 'T',  '3.5',  '', ''),
(155, 'Tunisian dinar', 'TND',  'USDTND', 'د.ت',  '2.834944', '', ''),
(156, 'Tongan pa\'anga',  'TOP',  'USDTOP', 'T$', '2.25965',  '', ''),
(157, 'Tanzanian shilling', 'TZS',  'USDTZS', 'TSh',  '2317.000226',  '', ''),
(158, 'Ugandan shilling', 'UGX',  'USDUGX', 'USh',  '3766.529903',  '', ''),
(159, 'Vanuatu vatu', 'VUV',  'USDVUV', 'VT', '116.380534', '', ''),
(160, 'Samoan tala',  'WST',  'USDWST', 'WS$',  '2.671176', '', ''),
(161, 'Central African CFA franc',  'XAF',  'USDXAF', 'FCFA', '585.516439', '', ''),
(162, 'Gold (troy ounce)',  'XAU',  'USDXAU', '$',  '0.000583', '', ''),
(163, 'West African CFA franc', 'XOF',  'USDXOF', 'XOF',  '584.999774', '', ''),
(164, 'CFP franc',  'XPF',  'USDXPF', '₣',  '105.702199', '', ''),
(165, 'Zambian kwacha', 'ZMK',  'USDZMK', 'ZK', '9001.201706',  '', ''),
(166, 'Zambian kwacha', 'ZMW',  'USDZMW', 'ZK', '18.102192',  '', ''),
(167, 'Fourth Zimbabwean Dollar', 'ZWL',  'USDZWL', 'Z$', '322.000001', '', ''),
(168, 'Bitcoin',  'BTC',  'USDBTC', 'Ƀ',  '0.000102', '', ''),
(169, 'Silver (troy ounce)',  'XAG',  'USDXAG', 'XAG',  '0.056311', '', ''),
(170, 'East Caribbean Dollar',  'XCD',  'USDXCD', '$',  '2.70255',  '', ''),
(171, 'Special Drawing Rights', 'XDR',  'USDXDR', 'XDR',  '0.726677', '', '');

DROP TABLE IF EXISTS `godpanel_client_features`;
CREATE TABLE `godpanel_client_features` (
  `id` int(11) NOT NULL AUTO_INCREMENT,
  `client_id` bigint(20) NOT NULL,
  `feature_id` bigint(20) NOT NULL,
  `feature_values` json DEFAULT NULL,
  `created_at` timestamp NULL DEFAULT NULL ON UPDATE CURRENT_TIMESTAMP,
  `updated_at` timestamp NULL DEFAULT NULL ON UPDATE CURRENT_TIMESTAMP,
  PRIMARY KEY (`id`)
) ENGINE=InnoDB DEFAULT CHARSET=latin1;

INSERT INTO `godpanel_client_features` (`id`, `client_id`, `feature_id`, `feature_values`, `created_at`, `updated_at`) VALUES
(44,  15, 1,  '{\"1\": \"680508489286924\", \"2\": \"816fc4b097ea81a5784e4cec2a4dc84e\", \"3\": null}', '2021-06-05 00:45:45',  '2021-06-05 00:45:45'),
(55,  15, 7,  '{\"5\": \"AC996550364c1c6b8d00896d10ee3a031b\", \"6\": \"7f8af59b4f74a126ab5fde4d02a0aba8\", \"7\": \"+19163827363\"}',  '2021-06-05 00:45:45',  '2021-06-05 00:45:45'),
(56,  15, 15, '{\"36\": \"sk_test_51I9GeZByc8g9SaHm19LcW5CFlcbtE9DR2My33sQUHwfw5v6Pih8vPwDwqVWqrkRw12ezYlvv8QYtS3OaHZhB9OwE00oYIhbgni\", \"37\": \"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\", \"38\": \"live\", \"39\": \"whsec_jaVpiLTZyOW2wBXUpmmzwGkKfjM53seD\", \"40\": \"whsec_COXGrIBP23nKPtGGpQGYSKstb2UckuCQ\"}', '2021-07-04 11:59:45',  '2021-07-04 11:59:45');

DROP TABLE IF EXISTS `godpanel_configs`;
CREATE TABLE `godpanel_configs` (
  `id` int(11) NOT NULL AUTO_INCREMENT,
  `key_name` varchar(255) DEFAULT '',
  `key_value` varchar(255) DEFAULT NULL,
  `created_at` timestamp NULL DEFAULT NULL ON UPDATE CURRENT_TIMESTAMP,
  `updated_at` timestamp NULL DEFAULT NULL ON UPDATE CURRENT_TIMESTAMP,
  PRIMARY KEY (`id`)
) ENGINE=InnoDB DEFAULT CHARSET=latin1;

INSERT INTO `godpanel_configs` (`id`, `key_name`, `key_value`, `created_at`, `updated_at`) VALUES
(1, 'Cache Enable', '0',  '2020-10-14 13:43:26',  '2020-10-14 13:43:26'),
(2, 'Cache Clear',  '0',  '2020-07-15 08:37:01',  '2020-07-15 08:37:01');

DROP TABLE IF EXISTS `godpanel_features`;
CREATE TABLE `godpanel_features` (
  `id` int(11) NOT NULL AUTO_INCREMENT,
  `name` varchar(255) NOT NULL,
  `feature_type_id` bigint(20) NOT NULL,
  `created_at` timestamp NULL DEFAULT NULL ON UPDATE CURRENT_TIMESTAMP,
  `updated_at` timestamp NULL DEFAULT NULL ON UPDATE CURRENT_TIMESTAMP,
  PRIMARY KEY (`id`)
) ENGINE=InnoDB DEFAULT CHARSET=latin1;

INSERT INTO `godpanel_features` (`id`, `name`, `feature_type_id`, `created_at`, `updated_at`) VALUES
(1, 'Facebook', 1,  '2020-07-06 13:11:22',  '2020-07-06 13:11:22'),
(2, 'Insurances', 2,  '2021-08-05 05:11:21',  '2021-08-05 05:11:21'),
(3, 'Address Required', 2,  '2020-07-21 09:02:02',  '2020-07-21 09:02:02'),
(4, 'UserName/UserID Column', 2,  '2020-07-26 04:06:37',  '2020-07-26 04:06:37'),
(5, 'Packages', 3,  '2020-08-04 09:49:44',  '2020-08-04 09:49:44'),
(6, 'Monthly Plan', 4,  '2020-08-24 05:52:26',  '2020-08-24 05:52:26'),
(7, 'Twilio OTP', 1,  '2020-11-04 03:41:27',  '2020-11-04 03:41:27'),
(8, 'Master Interval',  2,  '2020-11-06 14:01:23',  '2020-11-06 14:01:23'),
(9, 'Razor Pay',  5,  '2020-11-10 05:49:35',  '2020-11-10 05:49:35'),
(10,  'email otp',  1,  '2020-12-14 09:53:15',  '2020-12-14 09:53:15'),
(11,  'Al Rajhi Bank',  5,  '2020-12-17 06:36:51',  '2020-12-17 06:36:51'),
(12,  'hyperpay', 5,  '2020-12-19 06:49:13',  '2020-12-19 06:49:13'),
(13,  'IOS Url',  6,  '2021-02-01 12:13:09',  '2021-02-01 12:13:09'),
(14,  'Android Url',  6,  '2021-02-01 12:14:01',  '2021-02-01 12:14:01'),
(15,  'Stripe', 5,  '2021-02-12 10:17:30',  '2021-02-12 10:17:30'),
(16,  'paystack', 5,  '2021-02-26 08:48:04',  '2021-02-26 08:48:04'),
(17,  'Google', 7,  '2021-06-22 11:36:27',  '2021-06-22 11:36:27');

DROP TABLE IF EXISTS `godpanel_feature_keys`;
CREATE TABLE `godpanel_feature_keys` (
  `id` int(11) NOT NULL AUTO_INCREMENT,
  `key_name` varchar(255) NOT NULL,
  `key_value` text,
  `feature_id` bigint(20) DEFAULT NULL,
  `for_fron_end` varchar(1) NOT NULL DEFAULT '0' COMMENT '1 for to show on fron end',
  `created_at` timestamp NULL DEFAULT NULL ON UPDATE CURRENT_TIMESTAMP,
  `updated_at` timestamp NULL DEFAULT NULL ON UPDATE CURRENT_TIMESTAMP,
  PRIMARY KEY (`id`)
) ENGINE=InnoDB DEFAULT CHARSET=latin1;

INSERT INTO `godpanel_feature_keys` (`id`, `key_name`, `key_value`, `feature_id`, `for_fron_end`, `created_at`, `updated_at`) VALUES
(1, 'api_key',  NULL, 1,  '0',  '2020-07-06 13:11:22',  '2020-07-06 13:11:22'),
(2, 'secret_key', NULL, 1,  '0',  '2020-07-06 13:11:22',  '2020-07-06 13:11:22'),
(3, 'redirect_url', NULL, 1,  '0',  '2020-07-07 06:04:39',  '2020-07-07 06:04:39'),
(5, 'account_sid',  NULL, 7,  '0',  '2020-11-04 03:41:27',  '2020-11-04 03:41:27'),
(6, 'token',  NULL, 7,  '0',  '2020-11-04 03:41:27',  '2020-11-04 03:41:27'),
(7, 'number', NULL, 7,  '0',  '2020-11-04 03:41:27',  '2020-11-04 03:41:27'),
(9, 'gateway_key',  NULL, 9,  '1',  '2020-11-10 05:49:35',  '2020-11-10 05:49:35'),
(10,  'gateway_secret', NULL, 9,  '1',  '2020-11-10 05:49:35',  '2020-11-10 05:49:35'),
(11,  'payment_type', NULL, 9,  '1',  '2020-11-10 05:49:35',  '2020-11-10 05:49:35'),
(12,  'sent_from',  NULL, 10, '0',  '2020-12-14 09:53:15',  '2020-12-14 09:53:15'),
(13,  'app_password', NULL, 10, '0',  '2020-12-14 09:53:15',  '2020-12-14 09:53:15'),
(14,  'secret_key', NULL, 11, '0',  '2020-12-17 06:36:51',  '2020-12-17 06:36:51'),
(15,  'mode', NULL, 11, '0',  '2020-12-17 06:36:51',  '2020-12-17 06:36:51'),
(16,  'key_size', NULL, 11, '0',  '2020-12-17 06:36:51',  '2020-12-17 06:36:51'),
(17,  'data_format',  NULL, 11, '0',  '2020-12-17 06:36:51',  '2020-12-17 06:36:51'),
(18,  'iv', NULL, 11, '0',  '2020-12-17 06:36:51',  '2020-12-17 06:36:51'),
(19,  'bank_id',  NULL, 11, '0',  '2020-12-17 06:36:51',  '2020-12-17 06:36:51'),
(20,  'password', NULL, 11, '0',  '2020-12-17 06:36:51',  '2020-12-17 06:36:51'),
(21,  'currency_code',  NULL, 11, '0',  '2020-12-17 06:36:51',  '2020-12-17 06:36:51'),
(22,  'bank_url', NULL, 11, '0',  '2020-12-17 06:36:51',  '2020-12-17 06:36:51'),
(23,  'payment_type', NULL, 12, '1',  '2020-12-19 07:05:12',  '2020-12-19 07:05:12'),
(24,  'entity_id_visa_master',  NULL, 12, '1',  '2020-12-19 07:05:12',  '2020-12-19 07:05:12'),
(25,  'entity_id_mada', NULL, 12, '1',  '2020-12-19 07:05:12',  '2020-12-19 07:05:12'),
(26,  'payment_access_token', NULL, 12, '1',  '2020-12-19 08:05:05',  '2020-12-19 08:05:05'),
(27,  'payment_checkout_url', NULL, 12, '1',  '2020-12-19 09:57:51',  '2020-12-19 09:57:51'),
(28,  'payment_provider_mode',  NULL, 12, '1',  '2020-12-19 09:57:51',  '2020-12-19 09:57:51'),
(29,  'payment_webhook_url',  NULL, 12, '1',  '2020-12-19 12:36:14',  '2020-12-19 12:36:14'),
(30,  'payment_bank_url', NULL, 12, '1',  '2020-12-21 06:21:57',  '2020-12-21 06:21:57'),
(31,  'payment_test_mode',  NULL, 12, '1',  '2020-12-21 06:38:03',  '2020-12-21 06:38:03'),
(32,  'user_url', NULL, 13, '0',  '2021-02-01 12:13:09',  '2021-02-01 12:13:09'),
(33,  'sp_url', NULL, 13, '0',  '2021-02-01 12:13:09',  '2021-02-01 12:13:09'),
(34,  'user_url', NULL, 14, '0',  '2021-02-01 12:14:01',  '2021-02-01 12:14:01'),
(35,  'sp_url', NULL, 14, '0',  '2021-02-01 12:14:01',  '2021-02-01 12:14:01'),
(36,  'STRIPE_TEST_KEY',  NULL, 15, '1',  '2021-02-12 10:17:30',  '2021-02-12 10:17:30'),
(37,  'STRIPE_LIVE_KEY',  NULL, 15, '1',  '2021-02-12 10:17:30',  '2021-02-12 10:17:30'),
(38,  'STRIPE_MODE',  NULL, 15, '1',  '2021-02-12 10:17:39',  '2021-02-12 10:17:39'),
(39,  'STRIPE_LIVE_SIGNING_SECRET', NULL, 15, '1',  '2021-02-12 10:34:20',  '2021-02-12 10:34:20'),
(40,  'STRIPE_TEST_SIGNING_SECRET', NULL, 15, '1',  '2021-02-12 10:34:35',  '2021-02-12 10:34:35'),
(41,  'payment_type', NULL, 16, '1',  '2021-02-26 08:48:04',  '2021-02-26 08:48:04'),
(42,  'gateway_key',  NULL, 16, '1',  '2021-02-26 08:48:04',  '2021-02-26 08:48:04'),
(43,  'mode', NULL, 16, '1',  '2021-02-26 08:48:04',  '2021-02-26 08:48:04'),
(44,  'hosted_bank_url',  NULL, 11, '0',  '2021-04-15 06:15:53',  '2021-04-15 06:15:53'),
(45,  'map_key',  NULL, 17, '0',  '2021-06-22 11:36:27',  '2021-06-22 11:36:27');

DROP TABLE IF EXISTS `godpanel_feature_subscriptions`;
CREATE TABLE `godpanel_feature_subscriptions` (
  `id` int(11) NOT NULL AUTO_INCREMENT,
  `feature_id` bigint(20) NOT NULL,
  `subscription_id` bigint(20) NOT NULL,
  `created_at` timestamp NULL DEFAULT NULL ON UPDATE CURRENT_TIMESTAMP,
  `updated_at` timestamp NULL DEFAULT NULL ON UPDATE CURRENT_TIMESTAMP,
  PRIMARY KEY (`id`)
) ENGINE=InnoDB DEFAULT CHARSET=latin1;

INSERT INTO `godpanel_feature_subscriptions` (`id`, `feature_id`, `subscription_id`, `created_at`, `updated_at`) VALUES
(1, 1,  1,  '2020-07-06 13:11:22',  '2020-07-06 13:11:22'),
(2, 2,  1,  '2020-07-10 06:18:17',  '2020-07-10 06:18:17'),
(3, 3,  1,  '2020-07-21 09:02:02',  '2020-07-21 09:02:02'),
(4, 4,  1,  '2020-07-26 04:06:37',  '2020-07-26 04:06:37'),
(5, 5,  1,  '2020-08-04 09:49:44',  '2020-08-04 09:49:44'),
(6, 6,  1,  '2020-08-24 05:52:26',  '2020-08-24 05:52:26'),
(7, 7,  1,  '2020-11-04 03:41:27',  '2020-11-04 03:41:27'),
(8, 8,  1,  '2020-11-06 11:12:36',  '2020-11-06 11:12:36'),
(9, 9,  1,  '2020-11-10 05:49:35',  '2020-11-10 05:49:35'),
(10,  10, 1,  '2020-12-14 09:53:15',  '2020-12-14 09:53:15'),
(11,  11, 1,  '2020-12-17 06:36:51',  '2020-12-17 06:36:51'),
(12,  12, 1,  '2020-12-19 06:49:13',  '2020-12-19 06:49:13'),
(13,  13, 1,  '2021-02-01 12:13:09',  '2021-02-01 12:13:09'),
(14,  14, 1,  '2021-02-01 12:14:01',  '2021-02-01 12:14:01'),
(15,  15, 1,  '2021-02-12 10:17:30',  '2021-02-12 10:17:30'),
(16,  16, 1,  '2021-02-26 08:48:04',  '2021-02-26 08:48:04'),
(17,  17, 1,  '2021-06-22 11:36:27',  '2021-06-22 11:36:27');

DROP TABLE IF EXISTS `godpanel_feature_types`;
CREATE TABLE `godpanel_feature_types` (
  `id` int(11) NOT NULL AUTO_INCREMENT,
  `name` varchar(255) NOT NULL,
  `updated_at` timestamp NULL DEFAULT NULL ON UPDATE CURRENT_TIMESTAMP,
  `created_at` timestamp NULL DEFAULT NULL ON UPDATE CURRENT_TIMESTAMP,
  PRIMARY KEY (`id`)
) ENGINE=InnoDB DEFAULT CHARSET=latin1;

INSERT INTO `godpanel_feature_types` (`id`, `name`, `updated_at`, `created_at`) VALUES
(1, 'Social Login', '2020-07-06 13:10:44',  '2020-07-06 13:10:44'),
(2, 'Dynamic Sections', '2020-07-07 11:12:30',  '2020-07-07 11:12:30'),
(3, 'Marketing',  '2020-08-04 09:49:11',  '2020-08-04 09:49:11'),
(4, 'Plans',  '2020-08-24 05:52:01',  '2020-08-24 05:52:01'),
(5, 'Payment Gateway',  '2020-11-10 05:15:32',  '2020-11-10 05:15:32'),
(6, 'Build Urls', '2021-02-01 12:11:44',  '2021-02-01 12:11:44'),
(7, 'Keys', '2021-06-22 11:35:51',  '2021-06-22 11:35:51');

DROP TABLE IF EXISTS `godpanel_subscriptions`;
CREATE TABLE `godpanel_subscriptions` (
  `id` int(11) NOT NULL AUTO_INCREMENT,
  `name` varchar(255) NOT NULL,
  `price` bigint(20) NOT NULL,
  `type` varchar(10) NOT NULL,
  `global_type` varchar(5) NOT NULL,
  `created_at` timestamp NULL DEFAULT NULL ON UPDATE CURRENT_TIMESTAMP,
  `updated_at` timestamp NULL DEFAULT NULL ON UPDATE CURRENT_TIMESTAMP,
  PRIMARY KEY (`id`)
) ENGINE=InnoDB DEFAULT CHARSET=latin1;

INSERT INTO `godpanel_subscriptions` (`id`, `name`, `price`, `type`, `global_type`, `created_at`, `updated_at`) VALUES
(1, 'Pro-India',  100,  'monthly',  'no', '2020-07-06 13:10:20',  '2020-07-06 13:10:20');

-- 2021-08-29 11:41:58